{
  "Traits count": {
    "4": {
      "count": 254,
      "rarity": 2.54,
      "score": 39.37007874015748
    },
    "5": {
      "count": 2540,
      "rarity": 25.4,
      "score": 3.937007874015748
    },
    "6": {
      "count": 5323,
      "rarity": 53.23,
      "score": 1.8786398647379297
    },
    "7": {
      "count": 1883,
      "rarity": 18.83,
      "score": 5.310674455655868
    }
  },
  "Earring": {
    "count": 2977,
    "rarity": 29.77,
    "score": 3.3590863285186425,
    "None": {
      "count": 7023,
      "rarity": 70.23,
      "score": 1.4238929232521713
    },
    "Silver Hoop": {
      "count": 882,
      "rarity": 8.82,
      "score": 11.337868480725623
    },
    "Gold Stud": {
      "count": 439,
      "rarity": 4.39,
      "score": 22.779043280182233
    },
    "Silver Stud": {
      "count": 823,
      "rarity": 8.23,
      "score": 12.150668286755772
    },
    "Diamond Stud": {
      "count": 222,
      "rarity": 2.22,
      "score": 45.04504504504504
    },
    "Cross": {
      "count": 149,
      "rarity": 1.49,
      "score": 67.11409395973155
    },
    "Gold Hoop": {
      "count": 462,
      "rarity": 4.62,
      "score": 21.645021645021647
    }
  },
  "Background": {
    "count": 10000,
    "rarity": 100,
    "score": 1,
    "None": {
      "count": 0,
      "rarity": 0,
      "score": null
    },
    "Orange": {
      "count": 1273,
      "rarity": 12.73,
      "score": 7.855459544383347
    },
    "Aquamarine": {
      "count": 1266,
      "rarity": 12.66,
      "score": 7.8988941548183265
    },
    "Purple": {
      "count": 1291,
      "rarity": 12.91,
      "score": 7.74593338497289
    },
    "Blue": {
      "count": 1242,
      "rarity": 12.42,
      "score": 8.051529790660226
    },
    "Army Green": {
      "count": 1243,
      "rarity": 12.43,
      "score": 8.045052292839904
    },
    "Yellow": {
      "count": 1283,
      "rarity": 12.83,
      "score": 7.79423226812159
    },
    "Gray": {
      "count": 1170,
      "rarity": 11.7,
      "score": 8.547008547008547
    },
    "New Punk Blue": {
      "count": 1232,
      "rarity": 12.32,
      "score": 8.116883116883116
    }
  },
  "Fur": {
    "count": 10000,
    "rarity": 100,
    "score": 1,
    "None": {
      "count": 0,
      "rarity": 0,
      "score": null
    },
    "Robot": {
      "count": 265,
      "rarity": 2.65,
      "score": 37.735849056603776
    },
    "Cheetah": {
      "count": 406,
      "rarity": 4.06,
      "score": 24.630541871921185
    },
    "Golden Brown": {
      "count": 778,
      "rarity": 7.78,
      "score": 12.853470437017997
    },
    "Brown": {
      "count": 1370,
      "rarity": 13.7,
      "score": 7.2992700729927
    },
    "Cream": {
      "count": 636,
      "rarity": 6.36,
      "score": 15.723270440251572
    },
    "Zombie": {
      "count": 302,
      "rarity": 3.02,
      "score": 33.11258278145695
    },
    "Dmt": {
      "count": 215,
      "rarity": 2.15,
      "score": 46.51162790697675
    },
    "Dark Brown": {
      "count": 1352,
      "rarity": 13.52,
      "score": 7.396449704142013
    },
    "Black": {
      "count": 1229,
      "rarity": 12.29,
      "score": 8.136696501220504
    },
    "Gray": {
      "count": 496,
      "rarity": 4.96,
      "score": 20.161290322580644
    },
    "Tan": {
      "count": 626,
      "rarity": 6.26,
      "score": 15.974440894568689
    },
    "Trippy": {
      "count": 77,
      "rarity": 0.77,
      "score": 129.87012987012986
    },
    "Red": {
      "count": 474,
      "rarity": 4.74,
      "score": 21.09704641350211
    },
    "Death Bot": {
      "count": 175,
      "rarity": 1.75,
      "score": 57.14285714285714
    },
    "Blue": {
      "count": 490,
      "rarity": 4.9,
      "score": 20.408163265306122
    },
    "Pink": {
      "count": 511,
      "rarity": 5.11,
      "score": 19.569471624266146
    },
    "Solid Gold": {
      "count": 46,
      "rarity": 0.46,
      "score": 217.3913043478261
    },
    "White": {
      "count": 397,
      "rarity": 3.97,
      "score": 25.188916876574307
    },
    "Noise": {
      "count": 155,
      "rarity": 1.55,
      "score": 64.51612903225806
    }
  },
  "Clothes": {
    "count": 8114,
    "rarity": 81.14,
    "score": 1.2324377618930245,
    "None": {
      "count": 1886,
      "rarity": 18.86,
      "score": 5.302226935312832
    },
    "Striped Tee": {
      "count": 412,
      "rarity": 4.12,
      "score": 24.271844660194173
    },
    "Vietnam Jacket": {
      "count": 224,
      "rarity": 2.24,
      "score": 44.642857142857146
    },
    "Bone Necklace": {
      "count": 203,
      "rarity": 2.03,
      "score": 49.26108374384237
    },
    "Navy Striped Tee": {
      "count": 334,
      "rarity": 3.34,
      "score": 29.940119760479043
    },
    "Bayc T Red": {
      "count": 140,
      "rarity": 1.4,
      "score": 71.42857142857143
    },
    "Tweed Suit": {
      "count": 141,
      "rarity": 1.41,
      "score": 70.92198581560284
    },
    "Wool Turtleneck": {
      "count": 240,
      "rarity": 2.4,
      "score": 41.666666666666664
    },
    "Stunt Jacket": {
      "count": 178,
      "rarity": 1.78,
      "score": 56.17977528089888
    },
    "Smoking Jacket": {
      "count": 221,
      "rarity": 2.21,
      "score": 45.24886877828054
    },
    "Black Holes T": {
      "count": 205,
      "rarity": 2.05,
      "score": 48.78048780487805
    },
    "Bone Tee": {
      "count": 230,
      "rarity": 2.3,
      "score": 43.47826086956522
    },
    "Tanktop": {
      "count": 235,
      "rarity": 2.35,
      "score": 42.5531914893617
    },
    "Black T": {
      "count": 334,
      "rarity": 3.34,
      "score": 29.940119760479043
    },
    "Bayc T Black": {
      "count": 215,
      "rarity": 2.15,
      "score": 46.51162790697675
    },
    "Bandolier": {
      "count": 163,
      "rarity": 1.63,
      "score": 61.34969325153375
    },
    "Tuxedo Tee": {
      "count": 235,
      "rarity": 2.35,
      "score": 42.5531914893617
    },
    "Guayabera": {
      "count": 232,
      "rarity": 2.32,
      "score": 43.10344827586207
    },
    "Sleeveless T": {
      "count": 252,
      "rarity": 2.52,
      "score": 39.682539682539684
    },
    "Hip Hop": {
      "count": 128,
      "rarity": 1.28,
      "score": 78.125
    },
    "Sailor Shirt": {
      "count": 284,
      "rarity": 2.84,
      "score": 35.2112676056338
    },
    "Leather Jacket": {
      "count": 206,
      "rarity": 2.06,
      "score": 48.543689320388346
    },
    "Biker Vest": {
      "count": 253,
      "rarity": 2.53,
      "score": 39.52569169960474
    },
    "Lumberjack Shirt": {
      "count": 213,
      "rarity": 2.13,
      "score": 46.948356807511736
    },
    "Prison Jumpsuit": {
      "count": 235,
      "rarity": 2.35,
      "score": 42.5531914893617
    },
    "Work Vest": {
      "count": 188,
      "rarity": 1.88,
      "score": 53.191489361702125
    },
    "Blue Dress": {
      "count": 95,
      "rarity": 0.95,
      "score": 105.26315789473685
    },
    "Toga": {
      "count": 202,
      "rarity": 2.02,
      "score": 49.504950495049506
    },
    "Lab Coat": {
      "count": 144,
      "rarity": 1.44,
      "score": 69.44444444444444
    },
    "Cowboy Shirt": {
      "count": 119,
      "rarity": 1.19,
      "score": 84.03361344537815
    },
    "Service": {
      "count": 142,
      "rarity": 1.42,
      "score": 70.4225352112676
    },
    "Hawaiian": {
      "count": 283,
      "rarity": 2.83,
      "score": 35.3356890459364
    },
    "Admirals Coat": {
      "count": 64,
      "rarity": 0.64,
      "score": 156.25
    },
    "Pimp Coat": {
      "count": 80,
      "rarity": 0.8,
      "score": 125
    },
    "Space Suit": {
      "count": 105,
      "rarity": 1.05,
      "score": 95.23809523809523
    },
    "Leather Punk Jacket": {
      "count": 153,
      "rarity": 1.53,
      "score": 65.35947712418302
    },
    "Sleeveless Logo T": {
      "count": 144,